loss,out_cls_accuracy,out_cls_loss,out_crack_loss,out_crack_mae,out_wear_loss,out_wear_mae,val_loss,val_out_cls_accuracy,val_out_cls_loss,val_out_crack_loss,val_out_crack_mae,val_out_wear_loss,val_out_wear_mae
25.37253189086914,0.2282986044883728,2.247239828109741,7.238121032714844,2.7156355381011963,5.403768539428711,2.909147262573242,13.39153003692627,0.3680555522441864,1.877289056777954,3.5828824043273926,2.309370756149292,2.535222291946411,2.496267318725586
10.584339141845703,0.4105902910232544,1.7505154609680176,2.698009490966797,2.1727168560028076,1.9260365962982178,2.4150424003601074,7.064141273498535,0.5260416865348816,1.538362741470337,1.5968486070632935,1.9337106943130493,1.1868940591812134,2.1778416633605957
6.351723670959473,0.5243055820465088,1.4826310873031616,1.3340418338775635,1.8589177131652832,1.0982398986816406,2.1929759979248047,5.211930751800537,0.5833333134651184,1.335721492767334,1.0454860925674438,1.7293813228607178,0.8202027678489685,2.05720853805542
5.024337291717529,0.5698784589767456,1.3270496129989624,0.9557220935821533,1.7242742776870728,0.8200070858001709,2.107731819152832,4.477675914764404,0.6111111044883728,1.2099461555480957,0.83005690574646,1.6692371368408203,0.7007486820220947,1.989023208618164
4.3882904052734375,0.5842013955116272,1.207229495048523,0.8201784491539001,1.6810157299041748,0.6559425592422485,2.0815136432647705,3.9216253757476807,0.6475694179534912,1.1049838066101074,0.6985939145088196,1.6081557273864746,0.5750158429145813,1.9418509006500244
3.9557321071624756,0.6354166865348816,1.096020221710205,0.7061545848846436,1.6438634395599365,0.593458354473114,2.031322956085205,3.531637191772461,0.6979166865348816,1.0182251930236816,0.6098201274871826,1.5895991325378418,0.49086326360702515,1.9329392910003662
3.5078580379486084,0.6566840410232544,1.0227694511413574,0.5902571678161621,1.598793387413025,0.4980335235595703,1.9842207431793213,3.192186117172241,0.7291666865348816,0.9370139241218567,0.5343372225761414,1.5827926397323608,0.4192458987236023,1.894816279411316
3.2824134826660156,0.6927083134651184,0.9482690095901489,0.5418674945831299,1.5596692562103271,0.4617316424846649,1.9529980421066284,2.9575467109680176,0.7430555820465088,0.8668997287750244,0.47808367013931274,1.5442538261413574,0.3843718469142914,1.9294207096099854
3.0924620628356934,0.7209201455116272,0.8702185153961182,0.5137677192687988,1.5758249759674072,0.42450785636901855,1.9276148080825806,2.7935280799865723,0.7552083134651184,0.8110007047653198,0.44766631722450256,1.534114122390747,0.35283464193344116,1.8739888668060303
2.827784299850464,0.7374131679534912,0.8148516416549683,0.43252021074295044,1.5378875732421875,0.393313467502594,1.9329503774642944,2.615993022918701,0.7638888955116272,0.7558321356773376,0.4026803970336914,1.5023928880691528,0.3312991261482239,1.873607873916626
2.7226009368896484,0.7508680820465088,0.764846920967102,0.4239940345287323,1.5422160625457764,0.36802300810813904,1.891639232635498,2.530972957611084,0.7777777910232544,0.7137477397918701,0.4010237753391266,1.4960424900054932,0.3049795925617218,1.8486374616622925
2.614932060241699,0.7664930820465088,0.7273962497711182,0.3970041275024414,1.5247902870178223,0.3573544919490814,1.8862100839614868,2.363752603530884,0.7934027910232544,0.6742782592773438,0.3462078869342804,1.5161923170089722,0.2932916581630707,1.8169631958007812
2.5050642490386963,0.7786458134651184,0.6987511515617371,0.37246838212013245,1.517160177230835,0.3363252580165863,1.8634412288665771,2.265605926513672,0.8142361044883728,0.6477196216583252,0.3235071003437042,1.4848499298095703,0.27598482370376587,1.8215088844299316
2.372011423110962,0.7868923544883728,0.6600601673126221,0.340877503156662,1.5120066404342651,0.31568098068237305,1.8268685340881348,2.1622252464294434,0.8246527910232544,0.6043755412101746,0.30402302742004395,1.4748536348342896,0.26226121187210083,1.8083016872406006
2.328942060470581,0.7964409589767456,0.6292426586151123,0.33520692586898804,1.4892596006393433,0.3153640329837799,1.8265786170959473,2.1544158458709717,0.8229166865348816,0.5814282298088074,0.3203456997871399,1.4660608768463135,0.25088298320770264,1.8068623542785645
2.1930599212646484,0.8194444179534912,0.580184817314148,0.30688712000846863,1.4875807762145996,0.29559528827667236,1.8228821754455566,2.0886037349700928,0.8211805820465088,0.5681019425392151,0.2969970405101776,1.5201109647750854,0.24740532040596008,1.803831696510315
2.159651279449463,0.8111979365348816,0.571690022945404,0.3028217554092407,1.4907000064849854,0.2847973108291626,1.8054945468902588,1.9787943363189697,0.8246527910232544,0.5414751768112183,0.26965296268463135,1.4813815355300903,0.2287602424621582,1.7658581733703613
2.1178386211395264,0.8237847089767456,0.5500369668006897,0.29791051149368286,1.4854298830032349,0.2782686948776245,1.799467921257019,1.949177622795105,0.8385416865348816,0.5204479098320007,0.2612258195877075,1.480092167854309,0.23473817110061646,1.7723093032836914
2.1214306354522705,0.8259548544883728,0.5315455198287964,0.301784873008728,1.4918932914733887,0.28841981291770935,1.8064717054367065,1.8756823539733887,0.8472222089767456,0.49843835830688477,0.25819525122642517,1.4505221843719482,0.20517317950725555,1.7757123708724976
2.022662878036499,0.8459201455116272,0.5103163719177246,0.28174713253974915,1.473371148109436,0.26405069231987,1.7899271249771118,1.8675665855407715,0.8663194179534912,0.48036691546440125,0.2575722932815552,1.5092437267303467,0.21309827268123627,1.7510473728179932
1.8780757188796997,0.8532986044883728,0.4809810221195221,0.2409089356660843,1.4632970094680786,0.24209260940551758,1.7751851081848145,1.811545491218567,0.8472222089767456,0.476358562707901,0.23940123617649078,1.4602466821670532,0.20301119983196259,1.7655396461486816
1.8451905250549316,0.8524305820465088,0.4563920199871063,0.24192827939987183,1.4430904388427734,0.23566113412380219,1.767637014389038,1.7389836311340332,0.8645833134651184,0.45065948367118835,0.2208644598722458,1.444201111793518,0.19710080325603485,1.7447890043258667
1.8179173469543457,0.8532986044883728,0.4615571200847626,0.22501887381076813,1.4541959762573242,0.23715795576572418,1.767484188079834,1.7365546226501465,0.8628472089767456,0.43901070952415466,0.22448907792568207,1.468269944190979,0.19884808361530304,1.7876638174057007
1.7213268280029297,0.8658854365348816,0.4319726526737213,0.20481176674365997,1.4275994300842285,0.219894140958786,1.7452778816223145,1.6662276983261108,0.8680555820465088,0.43104085326194763,0.21163316071033478,1.4842281341552734,0.17505110800266266,1.7232152223587036
1.7438809871673584,0.8645833134651184,0.42766809463500977,0.21165817975997925,1.4267926216125488,0.22934620082378387,1.757294774055481,1.6397711038589478,0.8628472089767456,0.42383790016174316,0.18768073618412018,1.4278281927108765,0.1947818547487259,1.7544893026351929
1.6794497966766357,0.8715277910232544,0.4165586233139038,0.20383061468601227,1.4323539733886719,0.2048126459121704,1.7358144521713257,1.6171497106552124,0.8802083134651184,0.41430115699768066,0.19219791889190674,1.4317572116851807,0.1806076616048813,1.704503059387207
1.6662030220031738,0.8736979365348816,0.39306899905204773,0.20335271954536438,1.4178742170333862,0.21286021173000336,1.7385191917419434,1.5753016471862793,0.8697916865348816,0.408072829246521,0.1862274706363678,1.4544048309326172,0.16540345549583435,1.7368683815002441
1.6110992431640625,0.8793402910232544,0.38637775182724,0.18931448459625244,1.4212594032287598,0.19998012483119965,1.728898286819458,1.5394312143325806,0.8836805820465088,0.3914980888366699,0.1804848462343216,1.4175678491592407,0.16087080538272858,1.72970449924469
1.5982015132904053,0.8802083134651184,0.3833352029323578,0.18492770195007324,1.415508508682251,0.1999121606349945,1.7354207038879395,1.5005621910095215,0.8836805820465088,0.3767645061016083,0.162871852517128,1.4034820795059204,0.1690172702074051,1.7137820720672607
1.5408086776733398,0.8854166865348816,0.36510810256004333,0.1726342737674713,1.4058784246444702,0.1909131556749344,1.7182996273040771,1.5386064052581787,0.8871527910232544,0.3751817047595978,0.16473713517189026,1.3955292701721191,0.19359391927719116,1.7378411293029785
1.5110119581222534,0.8967013955116272,0.344581663608551,0.16927409172058105,1.4020819664001465,0.18983009457588196,1.7259221076965332,1.4535746574401855,0.8871527910232544,0.3693839907646179,0.15437892079353333,1.3859972953796387,0.1551450490951538,1.7352772951126099
1.4900528192520142,0.8893229365348816,0.3500749468803406,0.166938915848732,1.3964574337005615,0.17592889070510864,1.722360372543335,1.4479714632034302,0.8871527910232544,0.3617672026157379,0.16457223892211914,1.4134403467178345,0.1436024010181427,1.6792023181915283
1.4907402992248535,0.8962673544883728,0.3260611295700073,0.17453354597091675,1.4089291095733643,0.18290947377681732,1.7175674438476562,1.4665882587432861,0.8923611044883728,0.3581445515155792,0.15020829439163208,1.4007633924484253,0.17814131081104279,1.772803783416748
1.4254724979400635,0.9079861044883728,0.3030063211917877,0.15687857568264008,1.4082025289535522,0.17899465560913086,1.723209023475647,1.4196866750717163,0.8888888955116272,0.3515581786632538,0.16382764279842377,1.4022024869918823,0.13390490412712097,1.6661609411239624
1.4506926536560059,0.9075520634651184,0.30940914154052734,0.16564488410949707,1.404551386833191,0.18050126731395721,1.7357392311096191,1.4447132349014282,0.8958333134651184,0.33319228887557983,0.15598605573177338,1.4396508932113647,0.17384682595729828,1.7230221033096313
1.4361672401428223,0.9088541865348816,0.2990242540836334,0.1667713075876236,1.400593638420105,0.1769532412290573,1.705920696258545,1.4084930419921875,0.8871527910232544,0.34245893359184265,0.15998375415802002,1.4424878358840942,0.13897106051445007,1.6877927780151367
1.3814098834991455,0.9014756679534912,0.2949258089065552,0.1551831066608429,1.3864308595657349,0.15932053327560425,1.7001888751983643,1.3310902118682861,0.8958333134651184,0.3277670443058014,0.13549095392227173,1.3583378791809082,0.13046370446681976,1.671363353729248
1.3494725227355957,0.90625,0.29196202754974365,0.14128421247005463,1.3764817714691162,0.1591917872428894,1.7134851217269897,1.3182015419006348,0.8975694179534912,0.31837835907936096,0.12835098803043365,1.3887853622436523,0.13833314180374146,1.6969982385635376
1.3476755619049072,0.9153645634651184,0.28477826714515686,0.14036118984222412,1.3888224363327026,0.16475015878677368,1.718228816986084,1.3219271898269653,0.8975694179534912,0.31818386912345886,0.1421635001897812,1.4071096181869507,0.12327558547258377,1.6912522315979004
1.3102294206619263,0.9092881679534912,0.27253708243370056,0.13547857105731964,1.3880486488342285,0.15515470504760742,1.7160989046096802,1.345502495765686,0.8993055820465088,0.3200165629386902,0.13715989887714386,1.4218792915344238,0.14518925547599792,1.6914924383163452
1.2873855829238892,0.9184027910232544,0.2614084482192993,0.1309075802564621,1.3861802816390991,0.1540938764810562,1.7144414186477661,1.2770384550094604,0.9079861044883728,0.3041069209575653,0.13056118786334991,1.4189966917037964,0.11952251940965652,1.7131403684616089
1.2385181188583374,0.9162326455116272,0.263624370098114,0.11844673752784729,1.3702456951141357,0.1373743712902069,1.7013105154037476,1.2359952926635742,0.8993055820465088,0.3138481378555298,0.11292246729135513,1.3682206869125366,0.10993900150060654,1.6781543493270874
1.2459321022033691,0.9118923544883728,0.2694537937641144,0.1255546659231186,1.373049259185791,0.12971514463424683,1.6953994035720825,1.2237403392791748,0.9027777910232544,0.2966419458389282,0.11320456117391586,1.3976824283599854,0.11366813629865646,1.6784706115722656
1.251720666885376,0.9092881679534912,0.2709474563598633,0.12064824998378754,1.3719578981399536,0.1399632692337036,1.6905772686004639,1.225277304649353,0.90625,0.3008935749530792,0.10697662085294724,1.3700308799743652,0.12101321667432785,1.683484435081482
1.2078068256378174,0.91796875,0.2451770007610321,0.11061707139015198,1.3659749031066895,0.14201316237449646,1.7032949924468994,1.2178949117660522,0.9131944179534912,0.2907142639160156,0.1118917316198349,1.391000509262085,0.1170436292886734,1.6906886100769043
1.1594059467315674,0.9231770634651184,0.23095236718654633,0.10637340694665909,1.3553658723831177,0.12556490302085876,1.7014775276184082,1.240225911140442,0.9114583134651184,0.29036393761634827,0.11969390511512756,1.3787283897399902,0.12237617373466492,1.6678472757339478
1.2201027870178223,0.9175347089767456,0.24449767172336578,0.11684971302747726,1.3729767799377441,0.1437198370695114,1.6989989280700684,1.2062479257583618,0.90625,0.2830614447593689,0.11665715277194977,1.3844361305236816,0.10939548909664154,1.660618782043457
1.1605430841445923,0.9236111044883728,0.2284582257270813,0.11306638270616531,1.3532416820526123,0.12049570679664612,1.6856223344802856,1.1831878423690796,0.90625,0.2855769395828247,0.10611201822757721,1.3753817081451416,0.10725999623537064,1.6401352882385254
1.1558200120925903,0.9171006679534912,0.23593486845493317,0.10611657798290253,1.3664758205413818,0.1224437952041626,1.6904354095458984,1.1960086822509766,0.9097222089767456,0.2746637165546417,0.10125133395195007,1.374436855316162,0.13039599359035492,1.6761391162872314
1.170304775238037,0.9231770634651184,0.22363479435443878,0.11377375572919846,1.361581802368164,0.131072998046875,1.6825355291366577,1.1710560321807861,0.9149305820465088,0.2708720266819,0.1055544912815094,1.3713464736938477,0.11147505789995193,1.6464813947677612
1.1085374355316162,0.9314236044883728,0.2099413424730301,0.10160844773054123,1.3522731065750122,0.11612771451473236,1.6792266368865967,1.1200487613677979,0.921875,0.2654927968978882,0.09480911493301392,1.372376799583435,0.09625718742609024,1.6448265314102173
1.092176914215088,0.9249131679534912,0.22407875955104828,0.08834818750619888,1.3358442783355713,0.11433214694261551,1.68254816532135,1.1312839984893799,0.9097222089767456,0.27042850852012634,0.09365788102149963,1.3352018594741821,0.10284547507762909,1.6603463888168335
1.1265138387680054,0.9253472089767456,0.21643446385860443,0.10524953156709671,1.3513813018798828,0.1206243559718132,1.6747279167175293,1.1191874742507935,0.9166666865348816,0.2601836919784546,0.0988345593214035,1.364358901977539,0.09555485099554062,1.6680412292480469
1.0934168100357056,0.9370659589767456,0.20028580725193024,0.09922036528587341,1.3631147146224976,0.11825835704803467,1.6823457479476929,1.1803548336029053,0.9166666865348816,0.26190388202667236,0.11134488135576248,1.4253296852111816,0.1194695234298706,1.6832935810089111
1.0786967277526855,0.9266493320465088,0.20951592922210693,0.0932018905878067,1.351871132850647,0.11118003726005554,1.6779448986053467,1.1116375923156738,0.9236111044883728,0.2573396563529968,0.09696497768163681,1.3829572200775146,0.09663321822881699,1.6765080690383911
1.0453935861587524,0.9348958134651184,0.18933065235614777,0.08836430311203003,1.3435533046722412,0.1096891239285469,1.6857943534851074,1.0816409587860107,0.9166666865348816,0.2613159418106079,0.08745090663433075,1.3661667108535767,0.08751635253429413,1.6505016088485718
1.0935395956039429,0.9309895634651184,0.20618367195129395,0.09902894496917725,1.3479645252227783,0.11717471480369568,1.6769633293151855,1.0881288051605225,0.9149305820465088,0.26661062240600586,0.08731963485479355,1.3672069311141968,0.08933617174625397,1.6396903991699219
1.0603926181793213,0.9292534589767456,0.20176894962787628,0.0911218672990799,1.3446555137634277,0.10937294363975525,1.6678911447525024,1.0655938386917114,0.9149305820465088,0.2548716962337494,0.07803821563720703,1.3536065816879272,0.09539907425642014,1.631945013999939
1.0128542184829712,0.9361979365348816,0.19499506056308746,0.08178044110536575,1.3364310264587402,0.09558987617492676,1.675512671470642,1.0709187984466553,0.9201388955116272,0.24404798448085785,0.09061174839735031,1.3842129707336426,0.09033507108688354,1.6605371236801147
1.022020697593689,0.9401041865348816,0.188598170876503,0.08484360575675964,1.3423666954040527,0.10282890498638153,1.6767994165420532,1.0504639148712158,0.921875,0.24438709020614624,0.08301059156656265,1.3595356941223145,0.08741739392280579,1.6742926836013794
0.9998941421508789,0.9353298544883728,0.18890726566314697,0.08068676292896271,1.339098572731018,0.09421169012784958,1.6671768426895142,1.0430227518081665,0.921875,0.24643659591674805,0.07886887341737747,1.3573169708251953,0.08753657341003418,1.66475248336792
0.9989250898361206,0.9370659589767456,0.1944306343793869,0.07654374837875366,1.332236886024475,0.09633690118789673,1.6745342016220093,1.0318931341171265,0.921875,0.24302369356155396,0.08081558346748352,1.3511453866958618,0.08059399574995041,1.6652792692184448
0.9749247431755066,0.9496527910232544,0.16602244973182678,0.07902022451162338,1.341521143913269,0.09676726907491684,1.6702724695205688,1.0323203802108765,0.9184027910232544,0.2434403896331787,0.07829935103654861,1.377549409866333,0.08484964817762375,1.6774725914001465
0.9708826541900635,0.9453125,0.16533735394477844,0.08055407553911209,1.3366879224777222,0.09346973896026611,1.6641782522201538,1.0145763158798218,0.9201388955116272,0.2363387793302536,0.06853164732456207,1.334226131439209,0.09181002527475357,1.6614303588867188
0.9808085560798645,0.9405381679534912,0.17956037819385529,0.07067224383354187,1.3246536254882812,0.10473015159368515,1.681557297706604,1.0294830799102783,0.9270833134651184,0.23839735984802246,0.07725641131401062,1.3455860614776611,0.0896991416811943,1.649799108505249
0.953960120677948,0.9405381679534912,0.17732220888137817,0.06676667183637619,1.3288559913635254,0.09447984397411346,1.6781271696090698,1.0240858793258667,0.921875,0.24416208267211914,0.07857371121644974,1.354963779449463,0.08139465004205704,1.6679261922836304
0.9526407718658447,0.9457465410232544,0.16861988604068756,0.06973776966333389,1.3318896293640137,0.09642088413238525,1.6555455923080444,1.0102194547653198,0.9236111044883728,0.2381705939769745,0.07952716201543808,1.373130202293396,0.07590063661336899,1.6762514114379883
0.9402444362640381,0.9457465410232544,0.1622626632452011,0.07003047317266464,1.3228230476379395,0.09306805580854416,1.659135341644287,0.9813702702522278,0.9253472089767456,0.23801615834236145,0.06548255681991577,1.3306517601013184,0.07650262117385864,1.696610689163208
0.9429100751876831,0.9474826455116272,0.15983104705810547,0.07302068918943405,1.3213855028152466,0.09337899088859558,1.6688274145126343,1.0145421028137207,0.9253472089767456,0.23454934358596802,0.07066556811332703,1.357818365097046,0.0949639230966568,1.6547203063964844
0.9473402500152588,0.9466145634651184,0.15702062845230103,0.07655375450849533,1.3169324398040771,0.09434064477682114,1.686896800994873,1.0185281038284302,0.9270833134651184,0.22648318111896515,0.07631663233041763,1.3351500034332275,0.09624549746513367,1.6739381551742554
0.9179216027259827,0.9440104365348816,0.1583418846130371,0.06622608751058578,1.3209939002990723,0.08846121281385422,1.676210880279541,0.9766039252281189,0.9270833134651184,0.22117704153060913,0.06564228981733322,1.3400779962539673,0.08697009086608887,1.6666076183319092
0.8886708617210388,0.94921875,0.1565307378768921,0.05733146890997887,1.3171281814575195,0.0830538272857666,1.6592518091201782,0.9735800623893738,0.9184027910232544,0.23277547955513,0.07063180208206177,1.380290150642395,0.07161859422922134,1.674155592918396
0.9059150218963623,0.9470486044883728,0.1590888351202011,0.05982663854956627,1.3272089958190918,0.09050575643777847,1.6662230491638184,0.9653457999229431,0.9253472089767456,0.2176719307899475,0.06442013382911682,1.3378270864486694,0.08540477603673935,1.7213250398635864
0.9095967411994934,0.9448784589767456,0.16719454526901245,0.06173574924468994,1.3213980197906494,0.08601654320955276,1.656002402305603,0.9871791005134583,0.9322916865348816,0.22588080167770386,0.07326094061136246,1.3721327781677246,0.0837617740035057,1.643078327178955
0.887967050075531,0.94921875,0.1503773331642151,0.0600825697183609,1.3234286308288574,0.08610054850578308,1.6702356338500977,0.9829447269439697,0.9288194179534912,0.22007916867733002,0.0690634697675705,1.3788398504257202,0.09150871634483337,1.652279257774353
0.8834745287895203,0.9470486044883728,0.14489954710006714,0.059769731014966965,1.3224598169326782,0.08823457360267639,1.6653940677642822,0.9738160371780396,0.9253472089767456,0.21956060826778412,0.06809348613023758,1.3669408559799194,0.08799894154071808,1.697561264038086
0.8919149041175842,0.9500868320465088,0.1546456664800644,0.06253166496753693,1.3200898170471191,0.08458337932825089,1.6556252241134644,0.9610817432403564,0.9131944179534912,0.22865231335163116,0.06559371203184128,1.3548191785812378,0.07769358158111572,1.6532872915267944
0.8728827834129333,0.9427083134651184,0.1580277979373932,0.05464193597435951,1.3192239999771118,0.08100621402263641,1.67179274559021,0.9271649122238159,0.9305555820465088,0.21592611074447632,0.05701242387294769,1.336933970451355,0.07593259960412979,1.6585232019424438
0.9048320055007935,0.9461805820465088,0.15376289188861847,0.06806012243032455,1.3279974460601807,0.08832918852567673,1.6431612968444824,0.9694205522537231,0.9288194179534912,0.21444308757781982,0.06816558539867401,1.3512494564056396,0.0913255512714386,1.6275866031646729
0.8720531463623047,0.9466145634651184,0.15309889614582062,0.05512194335460663,1.312267780303955,0.08511640876531601,1.6440337896347046,0.943818211555481,0.9270833134651184,0.20735254883766174,0.0561833530664444,1.3019309043884277,0.09590425342321396,1.710724115371704
0.8401769399642944,0.9539930820465088,0.14340226352214813,0.053434278815984726,1.306359052658081,0.07362372428178787,1.6597421169281006,0.94683837890625,0.9305555820465088,0.22519533336162567,0.06272677332162857,1.3536760807037354,0.07833714038133621,1.6790783405303955
0.8532098531723022,0.9500868320465088,0.1425439864397049,0.05777321383357048,1.3216185569763184,0.07810935378074646,1.6592925786972046,0.9435259699821472,0.9253472089767456,0.21732057631015778,0.06324399262666702,1.3610962629318237,0.0816907063126564,1.6506108045578003
0.8354185819625854,0.9557291865348816,0.1313137412071228,0.05582641810178757,1.3146686553955078,0.07735046744346619,1.6585471630096436,0.926422119140625,0.9288194179534912,0.20981143414974213,0.06545276194810867,1.3627135753631592,0.0733727291226387,1.632091760635376
0.8620482683181763,0.9509548544883728,0.13905000686645508,0.06410294026136398,1.3189549446105957,0.07986368983983994,1.6406750679016113,0.9184315800666809,0.9288194179534912,0.21421660482883453,0.06016862392425537,1.342390775680542,0.07316473871469498,1.6272436380386353
0.8524896502494812,0.9518229365348816,0.1411345899105072,0.059065356850624084,1.3077589273452759,0.07991430908441544,1.6529048681259155,0.9247808456420898,0.9236111044883728,0.20729190111160278,0.06502359360456467,1.368506908416748,0.0766022652387619,1.641404151916504
0.8280951976776123,0.9557291865348816,0.12869618833065033,0.059079330414533615,1.3102290630340576,0.07287536561489105,1.6257233619689941,0.9213006496429443,0.9270833134651184,0.1997862458229065,0.06387468427419662,1.3238681554794312,0.0817263200879097,1.6333653926849365
0.807207465171814,0.9583333134651184,0.12513649463653564,0.04778911918401718,1.307574987411499,0.07738667726516724,1.6464918851852417,0.8991742730140686,0.9322916865348816,0.19707760214805603,0.052885398268699646,1.3396276235580444,0.08442547917366028,1.6569640636444092
0.8084388375282288,0.9565972089767456,0.12950967252254486,0.05139055475592613,1.3157683610916138,0.07146186381578445,1.6375784873962402,0.9083395004272461,0.9305555820465088,0.2107277512550354,0.05913610756397247,1.3232815265655518,0.07413139194250107,1.6510566473007202
0.7989686131477356,0.9578993320465088,0.1283290982246399,0.04844971001148224,1.302115797996521,0.07094579190015793,1.646395206451416,0.8823093771934509,0.9340277910232544,0.20066148042678833,0.04746396094560623,1.314666986465454,0.08017685264348984,1.6313080787658691
0.8128365278244019,0.9592013955116272,0.12964579463005066,0.05794312059879303,1.298466444015503,0.06771192699670792,1.6362875699996948,0.8893961310386658,0.9357638955116272,0.19350676238536835,0.05880735442042351,1.3280177116394043,0.07542181015014648,1.6509524583816528
0.7977424263954163,0.9583333134651184,0.12715186178684235,0.0515524297952652,1.303670883178711,0.0688096135854721,1.6366276741027832,0.9068830013275146,0.9392361044883728,0.19537654519081116,0.0568445585668087,1.3216625452041626,0.08965232223272324,1.6767964363098145
0.808964729309082,0.9592013955116272,0.12987136840820312,0.05075087025761604,1.2995498180389404,0.07656988501548767,1.6536824703216553,0.8732167482376099,0.9322916865348816,0.2027742862701416,0.05001966655254364,1.312389850616455,0.07223231345415115,1.6534478664398193
0.7901116609573364,0.9561631679534912,0.1250598281621933,0.05368514358997345,1.2993929386138916,0.06428573280572891,1.6367411613464355,0.9243203401565552,0.9270833134651184,0.1958838403224945,0.06772450357675552,1.375077247619629,0.08843234181404114,1.6564737558364868
0.7753994464874268,0.9587673544883728,0.1262204945087433,0.04410935565829277,1.3015835285186768,0.06756006926298141,1.651782512664795,0.8735412359237671,0.9375,0.20192930102348328,0.05213693901896477,1.3243043422698975,0.07228697091341019,1.6636768579483032
0.7686593532562256,0.9596354365348816,0.11776697635650635,0.043494272977113724,1.2937636375427246,0.07050003111362457,1.6443052291870117,0.8775289058685303,0.9322916865348816,0.2001749724149704,0.053716015070676804,1.3543503284454346,0.07499325275421143,1.63081955909729
0.7843246459960938,0.9605034589767456,0.1258336752653122,0.047956448048353195,1.3053874969482422,0.07058367133140564,1.653097152709961,0.8554984331130981,0.9340277910232544,0.19231325387954712,0.04710087925195694,1.3210537433624268,0.07536906749010086,1.6338419914245605
0.7662999033927917,0.9613715410232544,0.12124332785606384,0.04510394483804703,1.3052424192428589,0.06634072959423065,1.6503643989562988,0.8807874321937561,0.9288194179534912,0.2025858759880066,0.05330990254878998,1.3305697441101074,0.0779951885342598,1.6550472974777222
0.7883948087692261,0.9613715410232544,0.11526022851467133,0.05207153782248497,1.3039007186889648,0.07671463489532471,1.6505212783813477,0.8543833494186401,0.9392361044883728,0.19571486115455627,0.049921665340662,1.3218086957931519,0.07045343518257141,1.6297894716262817
0.7497960329055786,0.9600694179534912,0.11446346342563629,0.041410401463508606,1.2930173873901367,0.06670960783958435,1.6449836492538452,0.8629422783851624,0.9322916865348816,0.19814017415046692,0.04925379157066345,1.3449112176895142,0.07645965367555618,1.6344488859176636
0.7507447600364685,0.9600694179534912,0.11938398331403732,0.0397036150097847,1.289129376411438,0.0673576220870018,1.6386744976043701,0.8369139432907104,0.9340277910232544,0.20016148686408997,0.041473716497421265,1.319373607635498,0.06911387294530869,1.6275938749313354
0.7688025236129761,0.9578993320465088,0.11948341876268387,0.048591017723083496,1.3007299900054932,0.0684814378619194,1.6253029108047485,0.8568156957626343,0.9322916865348816,0.19893187284469604,0.04976265877485275,1.3201078176498413,0.0732361376285553,1.6392366886138916
0.7377599477767944,0.9583333134651184,0.11631803959608078,0.03918753191828728,1.2855061292648315,0.06351505219936371,1.6353167295455933,0.8639803528785706,0.9253472089767456,0.20159488916397095,0.051222220063209534,1.3234059810638428,0.07534442096948624,1.645492434501648
0.7796738147735596,0.9592013955116272,0.1175726130604744,0.05483512580394745,1.30257248878479,0.07069333642721176,1.6510193347930908,0.8396641612052917,0.9305555820465088,0.1946297287940979,0.04740552231669426,1.3173775672912598,0.06968565285205841,1.648393988609314
0.7321585416793823,0.9631076455116272,0.10976997762918472,0.04206613078713417,1.2869065999984741,0.06218457967042923,1.636171579360962,0.8466461896896362,0.9409722089767456,0.20176172256469727,0.04778837785124779,1.3169962167739868,0.07019009441137314,1.666135549545288
0.7490174174308777,0.9626736044883728,0.1170218363404274,0.04523632675409317,1.2880734205245972,0.06548626720905304,1.640089511871338,0.8420795798301697,0.9253472089767456,0.195567324757576,0.05196135863661766,1.2970433235168457,0.06673700362443924,1.6196576356887817
0.7426300048828125,0.9592013955116272,0.11865181475877762,0.04301778972148895,1.2898260354995728,0.06410767138004303,1.6212111711502075,0.8717939853668213,0.9340277910232544,0.19504934549331665,0.05182385817170143,1.334067463874817,0.08804316818714142,1.6677786111831665
0.7689371109008789,0.9639756679534912,0.11117538064718246,0.05293598398566246,1.3086944818496704,0.07431021332740784,1.6396247148513794,0.8360735774040222,0.9305555820465088,0.19162382185459137,0.04888802766799927,1.3223525285720825,0.07135400921106339,1.6249899864196777
0.7131417989730835,0.9661458134651184,0.10900719463825226,0.03626285493373871,1.2892143726348877,0.061712607741355896,1.619657039642334,0.8151114583015442,0.9305555820465088,0.1900305449962616,0.03984753042459488,1.3198186159133911,0.0713372528553009,1.6471266746520996
0.7263847589492798,0.9639756679534912,0.11196119338274002,0.040930479764938354,1.2943052053451538,0.0633343830704689,1.6376492977142334,0.850794792175293,0.9375,0.19443003833293915,0.04781794548034668,1.3103307485580444,0.08272185176610947,1.6275869607925415
0.7489712834358215,0.9561631679534912,0.11881009489297867,0.04555288329720497,1.2904523611068726,0.0687250867486,1.6381324529647827,0.8488584756851196,0.9322916865348816,0.20490911602973938,0.04906417429447174,1.3204699754714966,0.07376864552497864,1.632575511932373
0.721001386642456,0.9596354365348816,0.11670053005218506,0.03745069354772568,1.289607286453247,0.06328515708446503,1.6455281972885132,0.8222920298576355,0.9357638955116272,0.19067734479904175,0.04208586364984512,1.3124486207962036,0.07588979601860046,1.6356134414672852
0.7278260588645935,0.9635416865348816,0.10731984674930573,0.04660005867481232,1.2960271835327148,0.06292321532964706,1.6354731321334839,0.8272680044174194,0.9375,0.18765529990196228,0.0489814318716526,1.3156386613845825,0.07301804423332214,1.6534420251846313
0.7007547616958618,0.9665798544883728,0.1053462103009224,0.03626300394535065,1.2839655876159668,0.060855694115161896,1.626094937324524,0.8199915289878845,0.9340277910232544,0.1925886869430542,0.04781234264373779,1.3262054920196533,0.06728418916463852,1.6176490783691406
0.705157458782196,0.9592013955116272,0.11519686132669449,0.035713665187358856,1.2904393672943115,0.058897215873003006,1.6248857975006104,0.8059342503547668,0.9357638955116272,0.19427543878555298,0.03962221369147301,1.304242491722107,0.06870033591985703,1.6570216417312622
0.7028791308403015,0.9661458134651184,0.10656552761793137,0.03658866509795189,1.2818325757980347,0.06303954124450684,1.6347286701202393,0.8147604465484619,0.9427083134651184,0.18462419509887695,0.04647250846028328,1.323662519454956,0.07293294370174408,1.6330657005310059
0.6933745741844177,0.9661458134651184,0.10265064239501953,0.034585174173116684,1.2765685319900513,0.06286996603012085,1.6274676322937012,0.8068731427192688,0.9392361044883728,0.18680615723133087,0.04569866135716438,1.3055329322814941,0.0681287944316864,1.6497211456298828
0.6939203143119812,0.9639756679534912,0.10172624886035919,0.036884840577840805,1.2759908437728882,0.061708733439445496,1.6363099813461304,0.8119878768920898,0.9427083134651184,0.18605947494506836,0.04540136829018593,1.3325709104537964,0.07343775779008865,1.6497358083724976
0.6932353973388672,0.9631076455116272,0.1079508513212204,0.033852074295282364,1.2866759300231934,0.06224025785923004,1.6324623823165894,0.8032874464988708,0.9375,0.19421949982643127,0.04059299826622009,1.3333146572113037,0.06968899071216583,1.6164827346801758
0.7117875814437866,0.9639756679534912,0.10330486297607422,0.0431409552693367,1.2938652038574219,0.06627540290355682,1.630788803100586,0.8298733830451965,0.9288194179534912,0.19589552283287048,0.04186847060918808,1.313272476196289,0.0854925587773323,1.6456409692764282
0.6957144737243652,0.9622395634651184,0.10854966193437576,0.03664656728506088,1.281787395477295,0.061679501086473465,1.6345844268798828,0.8046414852142334,0.9357638955116272,0.20068129897117615,0.04163103923201561,1.3125659227371216,0.06683053821325302,1.6468591690063477
0.6703631281852722,0.9635416865348816,0.09931400418281555,0.03203023225069046,1.261143445968628,0.05813052877783775,1.6364916563034058,0.7871993184089661,0.9375,0.1802765429019928,0.042830850929021835,1.2856526374816895,0.0680818259716034,1.6480915546417236
0.6725218892097473,0.9674479365348816,0.09699760377407074,0.03453652933239937,1.2699334621429443,0.05860188230872154,1.6265450716018677,0.8145483136177063,0.9392361044883728,0.18541263043880463,0.046565327793359756,1.3349934816360474,0.07883565872907639,1.6457600593566895
0.6735289096832275,0.9644097089767456,0.10400110483169556,0.032915689051151276,1.280134677886963,0.05772505700588226,1.6292613744735718,0.7919776439666748,0.9253472089767456,0.1999613642692566,0.03896435350179672,1.3167033195495605,0.06515279412269592,1.6367288827896118
0.6919440627098083,0.9618055820465088,0.10866418480873108,0.03846920654177666,1.2805768251419067,0.06031769514083862,1.6243294477462769,0.8037059307098389,0.9375,0.1787814199924469,0.044941697269678116,1.3081010580062866,0.07998859137296677,1.649150013923645
0.6811173558235168,0.9678819179534912,0.09400259703397751,0.04185233265161514,1.2794172763824463,0.05927864834666252,1.621688723564148,0.8070075511932373,0.9392361044883728,0.18478655815124512,0.05010128393769264,1.331121802330017,0.0722026526927948,1.625101923942566
0.7126441597938538,0.9631076455116272,0.10358138382434845,0.0487460121512413,1.3001765012741089,0.06550702452659607,1.621198296546936,0.7981886267662048,0.9305555820465088,0.18810483813285828,0.04301564395427704,1.3309615850448608,0.07432213425636292,1.6124175786972046
0.6752302050590515,0.9665798544883728,0.10441543161869049,0.03502752631902695,1.2871460914611816,0.059189021587371826,1.6289962530136108,0.7690961360931396,0.9427083134651184,0.17383497953414917,0.04025622829794884,1.311193585395813,0.06892216205596924,1.6395407915115356
0.6464653015136719,0.9709201455116272,0.09215813875198364,0.031568434089422226,1.2679630517959595,0.05360842123627663,1.6293041706085205,0.7602044343948364,0.9305555820465088,0.1818997859954834,0.03715488314628601,1.301680564880371,0.06272570043802261,1.627341628074646
0.6560337543487549,0.96875,0.09632819890975952,0.030187122523784637,1.2713158130645752,0.06010062247514725,1.644649624824524,0.7744998335838318,0.9392361044883728,0.18029481172561646,0.040931716561317444,1.3270419836044312,0.06929567456245422,1.635072112083435
0.6607078313827515,0.9717881679534912,0.08877062052488327,0.0409424789249897,1.2864069938659668,0.05486070737242699,1.6119896173477173,0.7775338888168335,0.9357638955116272,0.1830855756998062,0.04753561317920685,1.3458969593048096,0.06162972003221512,1.6174654960632324
0.6680740118026733,0.9652777910232544,0.10529058426618576,0.035754863172769547,1.2765939235687256,0.05661054328083992,1.6210310459136963,0.7690373063087463,0.9357638955116272,0.18016867339611053,0.038049641996622086,1.317463755607605,0.07131988555192947,1.6360546350479126
0.6465891003608704,0.9678819179534912,0.09319964051246643,0.02959592454135418,1.2816182374954224,0.05929652974009514,1.6436171531677246,0.7765376567840576,0.9461805820465088,0.18100671470165253,0.03914386034011841,1.2819840908050537,0.0751204639673233,1.6863020658493042
0.6588215231895447,0.9691840410232544,0.08865108340978622,0.03575956076383591,1.2846466302871704,0.0631762221455574,1.639211893081665,0.776198148727417,0.9427083134651184,0.18681266903877258,0.0439704991877079,1.299150824546814,0.06558369100093842,1.6862119436264038
0.6635291576385498,0.9661458134651184,0.0952284038066864,0.03572770580649376,1.2747224569320679,0.06284753233194351,1.63174307346344,0.7831996083259583,0.9409722089767456,0.19140341877937317,0.04249836504459381,1.3209279775619507,0.06989867985248566,1.64899480342865
0.6672734618186951,0.9665798544883728,0.10172799974679947,0.03779852017760277,1.2782299518585205,0.059057313948869705,1.6307932138442993,0.7750688195228577,0.9444444179534912,0.17891401052474976,0.04678628593683243,1.3227001428604126,0.06797805428504944,1.6342532634735107
0.6423478126525879,0.9691840410232544,0.09577491879463196,0.030807439237833023,1.2690926790237427,0.056608814746141434,1.6266950368881226,0.7796074151992798,0.9305555820465088,0.19713744521141052,0.042879436165094376,1.2933645248413086,0.06483907997608185,1.6438533067703247
0.647951602935791,0.9683159589767456,0.09583793580532074,0.03348545357584953,1.2739932537078857,0.05768747627735138,1.6353304386138916,0.7915651798248291,0.9427083134651184,0.1945217251777649,0.04551248997449875,1.2851910591125488,0.07212428748607635,1.6308858394622803
0.6382219195365906,0.9691840410232544,0.0931045413017273,0.031092382967472076,1.2757264375686646,0.05717478692531586,1.6446874141693115,0.7755633592605591,0.9392361044883728,0.18727710843086243,0.0399848110973835,1.3154797554016113,0.07452263683080673,1.6463266611099243
0.6364973783493042,0.9678819179534912,0.09491271525621414,0.029220322147011757,1.2756749391555786,0.058216504752635956,1.6504656076431274,0.770348310470581,0.9427083134651184,0.19170016050338745,0.036532044410705566,1.295043706893921,0.07378852367401123,1.6685888767242432
0.633413553237915,0.9626736044883728,0.10102751106023788,0.028219060972332954,1.2737725973129272,0.05437076464295387,1.641735315322876,0.7605121731758118,0.9409722089767456,0.1906375288963318,0.03987644985318184,1.3068853616714478,0.06426865607500076,1.6164758205413818
0.6097331047058105,0.97265625,0.08754333108663559,0.02844737283885479,1.2687139511108398,0.04822009429335594,1.6217459440231323,0.7276486158370972,0.9461805820465088,0.17056424915790558,0.038076967000961304,1.3109979629516602,0.059123966842889786,1.648231029510498
0.5952684283256531,0.9717881679534912,0.08242306113243103,0.024767093360424042,1.2760694026947021,0.047780487686395645,1.6186519861221313,0.7538281679153442,0.9392361044883728,0.17796970903873444,0.04116030037403107,1.3263123035430908,0.06835520267486572,1.6488597393035889
0.6131004095077515,0.9709201455116272,0.08184413611888885,0.03230768069624901,1.277137041091919,0.05078747868537903,1.6099056005477905,0.7622606754302979,0.9479166865348816,0.18557482957839966,0.043394044041633606,1.3139723539352417,0.06677432358264923,1.6290478706359863
0.6275075674057007,0.9657118320465088,0.09827399253845215,0.03008253313601017,1.28099524974823,0.053150489926338196,1.6254562139511108,0.757190465927124,0.9409722089767456,0.18787284195423126,0.04111532121896744,1.3062165975570679,0.06567750871181488,1.636364459991455
0.6494168639183044,0.9670138955116272,0.09695260226726532,0.039536550641059875,1.2765558958053589,0.05693213641643524,1.6356890201568604,0.7805535793304443,0.9444444179534912,0.189006507396698,0.05094478651881218,1.3107913732528687,0.06826917827129364,1.6160849332809448
0.6359375715255737,0.9713541865348816,0.09194061905145645,0.035138510167598724,1.286900281906128,0.058150358498096466,1.637644648551941,0.7389991879463196,0.9427083134651184,0.18499848246574402,0.03553030639886856,1.2878344058990479,0.06480333209037781,1.6817251443862915
0.6279804110527039,0.9639756679534912,0.09418769925832748,0.03270014747977257,1.2776808738708496,0.05538741126656532,1.6373858451843262,0.7388493418693542,0.9461805820465088,0.186392143368721,0.03765953332185745,1.3251034021377563,0.061549942940473557,1.6397993564605713
0.6403137445449829,0.9565972089767456,0.11260296404361725,0.031299494206905365,1.2750816345214844,0.05390040576457977,1.6440134048461914,0.7458832859992981,0.9375,0.18908412754535675,0.036268219351768494,1.320407748222351,0.06697997450828552,1.6552727222442627
0.6014091372489929,0.97265625,0.08669587224721909,0.028454197570681572,1.2694419622421265,0.049788087606430054,1.6272727251052856,0.7229634523391724,0.9427083134651184,0.18048493564128876,0.0377856008708477,1.3060731887817383,0.056403517723083496,1.644984245300293
0.6039978861808777,0.9713541865348816,0.08848505467176437,0.030615568161010742,1.2710388898849487,0.048449866473674774,1.6279234886169434,0.7373278141021729,0.9496527910232544,0.1814374327659607,0.03890102356672287,1.306526780128479,0.0646853968501091,1.646882176399231
0.6179376244544983,0.9683159589767456,0.09357208013534546,0.03220941126346588,1.2797685861587524,0.05292778089642525,1.6339430809020996,0.7261471152305603,0.9461805820465088,0.18256376683712006,0.03929634764790535,1.2966845035552979,0.05678930506110191,1.6257832050323486
0.6014536619186401,0.9683159589767456,0.0916728675365448,0.025653235614299774,1.2597090005874634,0.052871182560920715,1.62830650806427,0.7355488538742065,0.9409722089767456,0.18197529017925262,0.04062391817569733,1.3098676204681396,0.06249488145112991,1.6218513250350952
0.6037347316741943,0.9674479365348816,0.08765627443790436,0.030488155782222748,1.2673113346099854,0.05142638459801674,1.6232446432113647,0.7569035291671753,0.9357638955116272,0.19040687382221222,0.036013975739479065,1.301485538482666,0.07808535546064377,1.6139987707138062
0.5898598432540894,0.9735243320465088,0.08297479897737503,0.02607601135969162,1.2580538988113403,0.05181876942515373,1.6199240684509277,0.7304931879043579,0.9427083134651184,0.1834433227777481,0.039094600826501846,1.3271310329437256,0.06158075109124184,1.6226413249969482
0.6232395172119141,0.9674479365348816,0.10582061111927032,0.029702262952923775,1.2653838396072388,0.05488872155547142,1.616851568222046,0.7254030108451843,0.9392361044883728,0.18711614608764648,0.0362461619079113,1.3309372663497925,0.06050976738333702,1.6126899719238281
0.5979078412055969,0.9709201455116272,0.08799470216035843,0.03107626922428608,1.2725393772125244,0.048777006566524506,1.6171222925186157,0.7521588206291199,0.9375,0.18696559965610504,0.04521723464131355,1.2972304821014404,0.06723106652498245,1.6173832416534424
0.6169124245643616,0.9652777910232544,0.09418907016515732,0.033892758190631866,1.27846097946167,0.05433401092886925,1.6230237483978271,0.738919734954834,0.9427083134651184,0.18716923892498016,0.03707630932331085,1.3046327829360962,0.07000812143087387,1.6474148035049438
0.5846003293991089,0.9670138955116272,0.09240461140871048,0.02386842481791973,1.2562211751937866,0.0482545867562294,1.624916434288025,0.732484757900238,0.9375,0.18341748416423798,0.042054347693920135,1.3245874643325806,0.062423426657915115,1.6210185289382935
0.5941785573959351,0.9709201455116272,0.08856037259101868,0.030576957389712334,1.2740437984466553,0.04908210411667824,1.6156281232833862,0.7261472940444946,0.9427083134651184,0.1877424120903015,0.03620230033993721,1.3232682943344116,0.06390061229467392,1.6178765296936035
0.5873509049415588,0.9678819179534912,0.08856816589832306,0.025118689984083176,1.2591313123703003,0.052529942244291306,1.632730484008789,0.7382309436798096,0.9427083134651184,0.19279120862483978,0.03702529892325401,1.297521710395813,0.06817285716533661,1.6743762493133545
0.6148281097412109,0.9683159589767456,0.09448952972888947,0.03371231257915497,1.2629753351211548,0.056158747524023056,1.6353119611740112,0.7629472017288208,0.9444444179534912,0.19563758373260498,0.041913412511348724,1.349021077156067,0.07691790908575058,1.631673812866211
0.6127552390098572,0.9704861044883728,0.09016834199428558,0.03235436975955963,1.2763816118240356,0.06005789712071419,1.6320828199386597,0.7531991600990295,0.9392361044883728,0.1915244311094284,0.036764346063137054,1.3088680505752563,0.08055805414915085,1.6072653532028198
0.582725465297699,0.9717881679534912,0.08649982511997223,0.027286343276500702,1.2667425870895386,0.04997378960251808,1.62118399143219,0.722768247127533,0.9392361044883728,0.18386472761631012,0.03610435128211975,1.317501187324524,0.06701014935970306,1.6440540552139282
0.5871951580047607,0.9722222089767456,0.082245834171772,0.030769458040595055,1.2622265815734863,0.051719971001148224,1.6273351907730103,0.7610584497451782,0.9427083134651184,0.18678055703639984,0.05147494748234749,1.3536972999572754,0.070664182305336,1.6376844644546509
0.5815913081169128,0.9722222089767456,0.0831361934542656,0.027659960091114044,1.2683111429214478,0.052236150950193405,1.6203111410140991,0.7197621464729309,0.9444444179534912,0.18518967926502228,0.03558284416794777,1.326517939567566,0.06619077920913696,1.6095750331878662
0.5765008926391602,0.9700520634651184,0.08699929714202881,0.026037467643618584,1.2720811367034912,0.0492313876748085,1.6282267570495605,0.7091730833053589,0.9444444179534912,0.17914298176765442,0.03681998699903488,1.321703553199768,0.062353696674108505,1.641892433166504
0.5528879165649414,0.9735243320465088,0.07718226313591003,0.02340899594128132,1.2635583877563477,0.044374555349349976,1.6147856712341309,0.7193195819854736,0.9357638955116272,0.1960955560207367,0.035225220024585724,1.3113070726394653,0.060744769871234894,1.6221044063568115
0.5769779682159424,0.97265625,0.08692371845245361,0.02594880200922489,1.2861158847808838,0.051287051290273666,1.6190335750579834,0.7268545627593994,0.9444444179534912,0.18440917134284973,0.04082043096423149,1.3126354217529297,0.06682774424552917,1.6358888149261475
0.568536639213562,0.9722222089767456,0.08157587051391602,0.028487596660852432,1.278889536857605,0.04657989367842674,1.625150442123413,0.6847714185714722,0.9375,0.17951346933841705,0.030330054461956024,1.3094011545181274,0.05687819421291351,1.6192262172698975
0.5515839457511902,0.9709201455116272,0.07751153409481049,0.025822104886174202,1.2655349969863892,0.04236946254968643,1.6081533432006836,0.7023573517799377,0.9427083134651184,0.17957186698913574,0.03125651553273201,1.312243938446045,0.06796328723430634,1.6093883514404297
0.5648614168167114,0.9769965410232544,0.07576215267181396,0.02451394684612751,1.2528719902038574,0.054737433791160583,1.6306939125061035,0.7178584933280945,0.9392361044883728,0.1964845359325409,0.03407272696495056,1.288249135017395,0.06387892365455627,1.6420462131500244
0.565341055393219,0.9691840410232544,0.08935488760471344,0.02416970580816269,1.2615156173706055,0.04716680571436882,1.6172837018966675,0.7118270397186279,0.9322916865348816,0.19395077228546143,0.03570237755775452,1.280373215675354,0.0599772185087204,1.6500704288482666
0.5715636014938354,0.9743923544883728,0.08032691478729248,0.026043247431516647,1.2674928903579712,0.05546734109520912,1.6436257362365723,0.71636962890625,0.9479166865348816,0.19026169180870056,0.036392148584127426,1.293239712715149,0.06535544991493225,1.6649880409240723
0.5824589729309082,0.9678819179534912,0.091887928545475,0.026922259479761124,1.2615265846252441,0.05453703552484512,1.6194648742675781,0.7254078388214111,0.9427083134651184,0.18595579266548157,0.03973459079861641,1.2744848728179932,0.07046674937009811,1.6187587976455688
0.5726897716522217,0.9739583134651184,0.08593505620956421,0.030645199120044708,1.2741166353225708,0.047798942774534225,1.6213849782943726,0.7134588956832886,0.9375,0.19688421487808228,0.037468306720256805,1.2853922843933105,0.05896703898906708,1.6739447116851807
0.5644649267196655,0.9717881679534912,0.08635646849870682,0.024821527302265167,1.2542548179626465,0.050491053611040115,1.627345085144043,0.7078988552093506,0.9444444179534912,0.18394383788108826,0.03353704884648323,1.2910761833190918,0.06975720077753067,1.6350672245025635
0.5874351263046265,0.97265625,0.08353915810585022,0.03289452940225601,1.260349154472351,0.057549551129341125,1.6342045068740845,0.7003410458564758,0.9461805820465088,0.18692001700401306,0.034696415066719055,1.2865411043167114,0.0619521290063858,1.644989252090454
0.5607264041900635,0.9752604365348816,0.08068017661571503,0.026084819808602333,1.2528340816497803,0.05147238448262215,1.6279213428497314,0.7060868740081787,0.9427083134651184,0.1781350076198578,0.04291655495762825,1.3404653072357178,0.061484888195991516,1.6047254800796509
0.5589937567710876,0.97265625,0.08648690581321716,0.02457110956311226,1.261472463607788,0.049345433712005615,1.637768268585205,0.70306795835495,0.9409722089767456,0.18247072398662567,0.03372896835207939,1.2919645309448242,0.06953605264425278,1.6296159029006958
0.5564514398574829,0.97265625,0.08583392947912216,0.02379603497684002,1.2588554620742798,0.04960968717932701,1.6230254173278809,0.6870439052581787,0.9461805820465088,0.1757885366678238,0.03440685197710991,1.281097412109375,0.06284027546644211,1.6590640544891357
0.5679342150688171,0.9717881679534912,0.0814148560166359,0.029793331399559975,1.2670044898986816,0.052835073322057724,1.6237366199493408,0.7128021717071533,0.9461805820465088,0.17687709629535675,0.03915482759475708,1.304066777229309,0.07361377030611038,1.6288862228393555
0.5449588894844055,0.9756944179534912,0.07674756646156311,0.024701036512851715,1.2574211359024048,0.048073992133140564,1.6010667085647583,0.6708180904388428,0.9461805820465088,0.17191658914089203,0.031695034354925156,1.2803311347961426,0.05958137288689613,1.5990151166915894
0.5447598695755005,0.9765625,0.07896950840950012,0.025804808363318443,1.2569468021392822,0.045783765614032745,1.6158268451690674,0.7043049931526184,0.9461805820465088,0.17784370481967926,0.04263736307621002,1.337822675704956,0.0641288086771965,1.6429657936096191
0.5597923398017883,0.9713541865348816,0.08808012306690216,0.027561675757169724,1.2735271453857422,0.0478685237467289,1.6099873781204224,0.6985342502593994,0.9375,0.19327904284000397,0.03776436671614647,1.2894428968429565,0.05693301185965538,1.6347695589065552
0.5415710210800171,0.97265625,0.08367589861154556,0.02352222055196762,1.2563319206237793,0.04472256079316139,1.5970802307128906,0.6851661205291748,0.9444444179534912,0.1682453751564026,0.03447743132710457,1.2992414236068726,0.0698075219988823,1.6364874839782715
0.5560385584831238,0.9696180820465088,0.08316726982593536,0.02835274115204811,1.25844144821167,0.048801422119140625,1.6157935857772827,0.6974998116493225,0.9444444179534912,0.1785733848810196,0.03607635200023651,1.3358815908432007,0.0695510059595108,1.665746808052063
0.5393788814544678,0.9722222089767456,0.07657193392515182,0.02488996647298336,1.2618528604507446,0.04746784269809723,1.6242469549179077,0.673331081867218,0.9496527910232544,0.17521768808364868,0.031962648034095764,1.2960360050201416,0.06196284294128418,1.643608570098877
0.5368642210960388,0.9752604365348816,0.08095940947532654,0.021547872573137283,1.25435209274292,0.04790428280830383,1.6158851385116577,0.6791068911552429,0.9444444179534912,0.17440371215343475,0.03633982315659523,1.2955892086029053,0.06113984063267708,1.6521646976470947
0.551954984664917,0.9678819179534912,0.0894150361418724,0.023345278576016426,1.253987431526184,0.050618890672922134,1.6334043741226196,0.7114102244377136,0.9357638955116272,0.19989345967769623,0.03552699834108353,1.2941927909851074,0.06724615395069122,1.661607027053833
0.55970698595047,0.9713541865348816,0.08638457953929901,0.027945293113589287,1.2621368169784546,0.0521964505314827,1.6505992412567139,0.6960886716842651,0.9409722089767456,0.18675701320171356,0.040334608405828476,1.3135716915130615,0.05996245890855789,1.6380704641342163
0.5276643633842468,0.9752604365348816,0.07411511987447739,0.02522800862789154,1.258235216140747,0.04324282705783844,1.6163923740386963,0.6784123182296753,0.9444444179534912,0.177701935172081,0.03175049647688866,1.30451238155365,0.06636504828929901,1.63530695438385
0.5474942326545715,0.9730902910232544,0.07645411789417267,0.03144344314932823,1.267156958580017,0.04720224067568779,1.6189619302749634,0.6775462627410889,0.9357638955116272,0.18241769075393677,0.031941767781972885,1.2770113945007324,0.06291709840297699,1.6393004655838013
0.5226681232452393,0.9765625,0.07573042809963226,0.021166004240512848,1.252495288848877,0.04538533836603165,1.6261788606643677,0.66237473487854,0.9427083134651184,0.1746448129415512,0.03236962854862213,1.2916579246520996,0.05803848057985306,1.6337188482284546
0.5273190140724182,0.97265625,0.07923974096775055,0.019714370369911194,1.248915433883667,0.0487220473587513,1.6216604709625244,0.6750495433807373,0.9513888955116272,0.17691244184970856,0.03334337845444679,1.3111023902893066,0.06420937925577164,1.671419620513916
0.5393162369728088,0.9739583134651184,0.07694393396377563,0.028227172791957855,1.2626912593841553,0.04748348519206047,1.6328625679016113,0.7254601716995239,0.9392361044883728,0.20045845210552216,0.03981168940663338,1.280806064605713,0.07418379187583923,1.6572233438491821
0.5430249571800232,0.9639756679534912,0.08782541751861572,0.023264797404408455,1.255476951599121,0.04990047961473465,1.6339107751846313,0.7028059959411621,0.9340277910232544,0.19536092877388,0.034234605729579926,1.2927861213684082,0.07048817723989487,1.6606777906417847
0.5363980531692505,0.97265625,0.08377737551927567,0.021951891481876373,1.248642086982727,0.050480764359235764,1.618759036064148,0.6780799031257629,0.9427083134651184,0.1897755265235901,0.0323006771504879,1.2870583534240723,0.06069779396057129,1.6497421264648438
0.535585880279541,0.9696180820465088,0.08415786176919937,0.024725673720240593,1.2512661218643188,0.046482279896736145,1.6211340427398682,0.7000629901885986,0.9409722089767456,0.19626358151435852,0.036228880286216736,1.3028877973556519,0.06635235249996185,1.6177998781204224
0.5336394906044006,0.9683159589767456,0.08663026243448257,0.021917324513196945,1.2602431774139404,0.047879740595817566,1.6321779489517212,0.6584395170211792,0.9479166865348816,0.1681663542985916,0.034556660801172256,1.31086266040802,0.060335662215948105,1.61448335647583
0.5251073241233826,0.9700520634651184,0.0787794291973114,0.021025806665420532,1.2622612714767456,0.049380943179130554,1.6215167045593262,0.6475740671157837,0.9479166865348816,0.1695401668548584,0.028929080814123154,1.2908272743225098,0.0604521781206131,1.6431849002838135
0.5151532888412476,0.9787326455116272,0.07218756526708603,0.021830327808856964,1.2552273273468018,0.046653758734464645,1.6294102668762207,0.6782971620559692,0.9496527910232544,0.1770508736371994,0.03850885108113289,1.3135168552398682,0.06345976889133453,1.6552640199661255
0.4980553984642029,0.9761284589767456,0.06535760313272476,0.020673930644989014,1.2571600675582886,0.04188641905784607,1.6114634275436401,0.6466060280799866,0.9461805820465088,0.1747882068157196,0.027901019901037216,1.2758628129959106,0.05868691951036453,1.6363801956176758
0.5225587487220764,0.9748263955116272,0.07632102817296982,0.02493729069828987,1.253150463104248,0.04593124985694885,1.618208408355713,0.7021490931510925,0.9392361044883728,0.18773961067199707,0.03308688849210739,1.2914727926254272,0.08096345514059067,1.6503233909606934
0.5256862640380859,0.9743923544883728,0.07606730610132217,0.02375083416700363,1.2558932304382324,0.05038054659962654,1.624529242515564,0.6764636635780334,0.9444444179534912,0.17664119601249695,0.03564109653234482,1.2992651462554932,0.06819318234920502,1.653658151626587
0.5191190242767334,0.9730902910232544,0.08085250854492188,0.023249689489603043,1.2509702444076538,0.04400614649057388,1.6128531694412231,0.6671794652938843,0.9409722089767456,0.1705993264913559,0.03800398111343384,1.3258525133132935,0.06357869505882263,1.6710532903671265
0.5242677927017212,0.9700520634651184,0.08123083412647247,0.02260330319404602,1.246456503868103,0.04871264472603798,1.6287579536437988,0.6788909435272217,0.9444444179534912,0.17671309411525726,0.03464057296514511,1.303712248802185,0.0725318044424057,1.6287606954574585
0.521288275718689,0.9683159589767456,0.08377337455749512,0.021513907238841057,1.2507449388504028,0.04717013239860535,1.6322373151779175,0.6714337468147278,0.9461805820465088,0.17348195612430573,0.03182597830891609,1.264189600944519,0.07405377924442291,1.6451547145843506
0.5124551057815552,0.9722222089767456,0.0799495279788971,0.022829504683613777,1.2526005506515503,0.042649928480386734,1.6163902282714844,0.6488915085792542,0.9461805820465088,0.1665847897529602,0.033471763134002686,1.3200688362121582,0.062025826424360275,1.641845464706421
0.5045786499977112,0.9709201455116272,0.07476760447025299,0.022525472566485405,1.259408712387085,0.04185844957828522,1.612952709197998,0.6545126438140869,0.9479166865348816,0.1792326122522354,0.030264709144830704,1.2821497917175293,0.06203359365463257,1.6220098733901978
0.502643883228302,0.9748263955116272,0.07459317147731781,0.02052977681159973,1.2549362182617188,0.04382475093007088,1.604295015335083,0.6665961742401123,0.9461805820465088,0.17364457249641418,0.03282013162970543,1.3107069730758667,0.07104708254337311,1.6130149364471436
0.5088363885879517,0.9730902910232544,0.07663316279649734,0.023394394665956497,1.264262318611145,0.04333623871207237,1.6022735834121704,0.7021853923797607,0.9427083134651184,0.1837298423051834,0.04185347259044647,1.2905182838439941,0.07647363841533661,1.6170262098312378
0.5147004127502441,0.9735243320465088,0.07676167041063309,0.026825031265616417,1.2587084770202637,0.04309046268463135,1.6298657655715942,0.6591724157333374,0.9427083134651184,0.17378167808055878,0.03442846238613129,1.2779014110565186,0.06483118236064911,1.6508049964904785
0.49785980582237244,0.9769965410232544,0.07278710603713989,0.019407548010349274,1.2609597444534302,0.0448504276573658,1.6384302377700806,0.6735146641731262,0.9305555820465088,0.1938343346118927,0.03376159444451332,1.278200626373291,0.06230918690562248,1.65866219997406
0.5105020999908447,0.9743923544883728,0.07846646010875702,0.0208069309592247,1.249794602394104,0.04817734658718109,1.6301703453063965,0.6461743712425232,0.9461805820465088,0.16491176187992096,0.034789882600307465,1.283879280090332,0.06274476647377014,1.6232216358184814
0.5102080702781677,0.9700520634651184,0.08079902082681656,0.023799415677785873,1.2546546459197998,0.04296819493174553,1.631386637687683,0.6557512879371643,0.9461805820465088,0.17467917501926422,0.03486504405736923,1.3076661825180054,0.0628531202673912,1.6713361740112305
0.4951341450214386,0.9774305820465088,0.07054661959409714,0.020983731374144554,1.2575173377990723,0.04390010982751846,1.6267344951629639,0.6554291248321533,0.9461805820465088,0.17531317472457886,0.031055904924869537,1.2935950756072998,0.06782988458871841,1.6378873586654663
0.5113263130187988,0.9717881679534912,0.08061809092760086,0.024602020159363747,1.2568528652191162,0.04371984302997589,1.6237497329711914,0.6425819993019104,0.9444444179534912,0.1757919043302536,0.027430953457951546,1.281619668006897,0.0643981471657753,1.6468044519424438
0.49142783880233765,0.9778645634651184,0.07177790999412537,0.020685184746980667,1.2572447061538696,0.042203858494758606,1.6176377534866333,0.648099958896637,0.9461805820465088,0.17297594249248505,0.028747621923685074,1.305264949798584,0.0688437670469284,1.6557203531265259
0.4917236566543579,0.9735243320465088,0.07323867827653885,0.021243803203105927,1.2510452270507812,0.04124903678894043,1.6164085865020752,0.6604750156402588,0.9461805820465088,0.1855732798576355,0.033635493367910385,1.2953870296478271,0.06267407536506653,1.6502898931503296
0.5082512497901917,0.9730902910232544,0.07716616243124008,0.024870727211236954,1.2526769638061523,0.04528554156422615,1.6267317533493042,0.6569432020187378,0.9513888955116272,0.1819145679473877,0.032849326729774475,1.2738990783691406,0.06412652879953384,1.6659636497497559
0.502914547920227,0.9717881679534912,0.07530499249696732,0.02025195211172104,1.2448638677597046,0.04959147423505783,1.6197094917297363,0.6540892124176025,0.9496527910232544,0.18407368659973145,0.03437614440917969,1.2873992919921875,0.05923428758978844,1.617148995399475
0.48150622844696045,0.9796006679534912,0.06526244431734085,0.020439527928829193,1.2427411079406738,0.04228563979268074,1.6204488277435303,0.6551865339279175,0.9461805820465088,0.1746249496936798,0.030206348747015,1.286258578300476,0.07247550785541534,1.663614273071289
0.4774298667907715,0.9778645634651184,0.06878896057605743,0.01964608207345009,1.2393826246261597,0.038890816271305084,1.6087974309921265,0.6446146368980408,0.9427083134651184,0.17368222773075104,0.03136537969112396,1.2855587005615234,0.06504891067743301,1.646493911743164
0.4935460686683655,0.9774305820465088,0.0726865604519844,0.021331794559955597,1.246260166168213,0.045175448060035706,1.6174449920654297,0.6557621955871582,0.9496527910232544,0.18005232512950897,0.03309328854084015,1.3014684915542603,0.0661163255572319,1.69395112991333
0.4732901155948639,0.9822048544883728,0.06113750487565994,0.02168354205787182,1.2568169832229614,0.039254799485206604,1.6206746101379395,0.6409475207328796,0.9427083134651184,0.1767181009054184,0.0299041960388422,1.2684744596481323,0.06338665634393692,1.6479281187057495
0.4758690297603607,0.97265625,0.07303962856531143,0.017277488484978676,1.242449164390564,0.03962409868836403,1.6155704259872437,0.6638184785842896,0.9427083134651184,0.18733538687229156,0.03461936116218567,1.2991889715194702,0.06602904200553894,1.638511300086975
0.5080793499946594,0.9722222089767456,0.07637141644954681,0.02492859587073326,1.2554599046707153,0.04923731088638306,1.6313300132751465,0.659728467464447,0.9444444179534912,0.1728748083114624,0.03337932005524635,1.2827898263931274,0.07475034892559052,1.6551740169525146
0.5208889842033386,0.97265625,0.07297726720571518,0.0303938165307045,1.2441225051879883,0.052944622933864594,1.6288642883300781,0.6534788608551025,0.9479166865348816,0.18099962174892426,0.0346936471760273,1.3024086952209473,0.0637669712305069,1.6392419338226318
0.48439279198646545,0.9743923544883728,0.07262109220027924,0.020704127848148346,1.2512049674987793,0.04209227114915848,1.6228816509246826,0.664437472820282,0.9409722089767456,0.19088326394557953,0.03406350314617157,1.3016194105148315,0.0656849816441536,1.6416997909545898
0.49696192145347595,0.9735243320465088,0.07471909373998642,0.023013988509774208,1.2558140754699707,0.046440962702035904,1.618282675743103,0.6778115630149841,0.9444444179534912,0.18564242124557495,0.04060596600174904,1.2906088829040527,0.06980688124895096,1.6463286876678467
0.49023565649986267,0.9756944179534912,0.06960130482912064,0.020961819216609,1.2496827840805054,0.04856930300593376,1.6272382736206055,0.6497370004653931,0.9496527910232544,0.1808735728263855,0.03157125040888786,1.2795052528381348,0.06688521802425385,1.676849603652954
0.49955543875694275,0.9713541865348816,0.07854388654232025,0.020719725638628006,1.2514020204544067,0.04974883049726486,1.611977219581604,0.6383793354034424,0.9461805820465088,0.17680560052394867,0.03332909941673279,1.2936513423919678,0.06038661673665047,1.6227457523345947
0.47340285778045654,0.9800347089767456,0.06436384469270706,0.020917965099215508,1.2436434030532837,0.04208903759717941,1.6140294075012207,0.648662805557251,0.9427083134651184,0.17525506019592285,0.03662478178739548,1.2815415859222412,0.06432401388883591,1.6306241750717163
0.4993762969970703,0.9722222089767456,0.08393757045269012,0.02154320292174816,1.2422924041748047,0.04601237177848816,1.6157140731811523,0.6599902510643005,0.9444444179534912,0.18400989472866058,0.03526698425412178,1.2797389030456543,0.06835177540779114,1.6986184120178223
0.47681474685668945,0.9782986044883728,0.06724600493907928,0.02364446222782135,1.2425642013549805,0.03976002335548401,1.6080975532531738,0.6506592035293579,0.9427083134651184,0.1806957870721817,0.03804600238800049,1.255608081817627,0.06098014861345291,1.6404950618743896
0.4927727282047272,0.9739583134651184,0.07732436060905457,0.022335227578878403,1.2435277700424194,0.045798905193805695,1.618239402770996,0.6583425998687744,0.9479166865348816,0.17855960130691528,0.0389513336122036,1.3209421634674072,0.06676110625267029,1.6598894596099854
0.5174013376235962,0.9722222089767456,0.08554010838270187,0.028355274349451065,1.2586122751235962,0.04912338778376579,1.6195032596588135,0.6388482451438904,0.9427083134651184,0.1759738326072693,0.03588093817234039,1.268998384475708,0.060077209025621414,1.6245083808898926
0.4868529140949249,0.9739583134651184,0.07678285986185074,0.02036161534488201,1.2453334331512451,0.04573776572942734,1.610936164855957,0.625164270401001,0.9444444179534912,0.17348720133304596,0.03371551260352135,1.286344289779663,0.05581637844443321,1.6198546886444092
0.4632047414779663,0.9765625,0.0693427324295044,0.017947319895029068,1.2452828884124756,0.038460999727249146,1.5990782976150513,0.6512014865875244,0.9444444179534912,0.17695525288581848,0.03523598983883858,1.3014357089996338,0.06922206282615662,1.6078721284866333
0.47463083267211914,0.9752604365348816,0.07359365373849869,0.019242048263549805,1.2416003942489624,0.041841112077236176,1.5930418968200684,0.6315151453018188,0.9427083134651184,0.17675717175006866,0.030484719201922417,1.263263463973999,0.06280192732810974,1.6215081214904785
0.48388591408729553,0.9782986044883728,0.06465879082679749,0.02521238476037979,1.2393282651901245,0.046305686235427856,1.603853702545166,0.6257266998291016,0.9409722089767456,0.18217740952968597,0.02744554728269577,1.2915600538253784,0.05982951819896698,1.648809790611267
0.4675803780555725,0.9748263955116272,0.07294445484876633,0.018888765946030617,1.2454897165298462,0.038899485021829605,1.605012059211731,0.6326450109481812,0.9427083134651184,0.18598511815071106,0.030466679483652115,1.3211601972579956,0.05850629135966301,1.6378182172775269
0.47499942779541016,0.9756944179534912,0.0688314363360405,0.022952428087592125,1.2585731744766235,0.04172258824110031,1.5988471508026123,0.626030683517456,0.9461805820465088,0.1705152988433838,0.029402531683444977,1.27194082736969,0.06635372340679169,1.63921058177948
0.47177445888519287,0.9761284589767456,0.07753391563892365,0.019604850560426712,1.239734172821045,0.03873543068766594,1.6086772680282593,0.6513173580169678,0.9444444179534912,0.18655242025852203,0.03643707185983658,1.278780221939087,0.06359060108661652,1.6333078145980835
0.4656875431537628,0.9743923544883728,0.0723336711525917,0.017030758783221245,1.241976261138916,0.04195447266101837,1.6110939979553223,0.634617030620575,0.9444444179534912,0.17311106622219086,0.0341583676636219,1.3056004047393799,0.06470027565956116,1.6329231262207031
0.47209522128105164,0.9774305820465088,0.07201048731803894,0.020518679171800613,1.2430214881896973,0.042184632271528244,1.6007938385009766,0.6260063648223877,0.9461805820465088,0.17018429934978485,0.03600641340017319,1.289305567741394,0.05903090536594391,1.653754711151123
0.47547122836112976,0.9748263955116272,0.06958342343568802,0.022500917315483093,1.2527108192443848,0.0440751351416111,1.6110464334487915,0.6431708335876465,0.9427083134651184,0.1822933852672577,0.03296489641070366,1.3054592609405518,0.06713046133518219,1.6207913160324097
0.46299445629119873,0.9800347089767456,0.06596287339925766,0.020940342918038368,1.242823600769043,0.04084109887480736,1.5991017818450928,0.615299642086029,0.9461805820465088,0.16689851880073547,0.02906438335776329,1.2807434797286987,0.06454597413539886,1.6119341850280762
0.4737945795059204,0.9739583134651184,0.072794109582901,0.02143862284719944,1.2512712478637695,0.04312364384531975,1.616576910018921,0.6314490437507629,0.9392361044883728,0.17798055708408356,0.030978169292211533,1.2932581901550293,0.06553556025028229,1.657289743423462
0.46038103103637695,0.9735243320465088,0.07336851954460144,0.016691366210579872,1.2451263666152954,0.040542636066675186,1.611384391784668,0.6262967586517334,0.9375,0.18238171935081482,0.030354388058185577,1.2786540985107422,0.060568179935216904,1.6425467729568481
0.4563194811344147,0.9774305820465088,0.06653846055269241,0.02005939371883869,1.2443873882293701,0.03834504261612892,1.6086045503616333,0.6110565066337585,0.9409722089767456,0.17575794458389282,0.02742270939052105,1.2901934385299683,0.059098705649375916,1.6349598169326782
0.451820433139801,0.9761284589767456,0.06469037383794785,0.019718550145626068,1.2504736185073853,0.03740881755948067,1.6034033298492432,0.6144380569458008,0.9461805820465088,0.17302069067955017,0.032223891466856,1.264772891998291,0.05720937252044678,1.6243913173675537
0.4793761968612671,0.9722222089767456,0.07199877500534058,0.028752515092492104,1.255068302154541,0.03911938518285751,1.6090714931488037,0.6200027465820312,0.9444444179534912,0.17350223660469055,0.031909286975860596,1.2775440216064453,0.061258554458618164,1.65132474899292
0.48794233798980713,0.9756944179534912,0.07567521929740906,0.030700555071234703,1.2537024021148682,0.04029655084013939,1.6072086095809937,0.6414939165115356,0.9444444179534912,0.18450257182121277,0.036558713763952255,1.2839635610580444,0.06250903010368347,1.6471632719039917
0.46101486682891846,0.9782986044883728,0.06524379551410675,0.02016366459429264,1.2414747476577759,0.04357433319091797,1.627769947052002,0.6199467182159424,0.9392361044883728,0.17671652138233185,0.03452924266457558,1.2915277481079102,0.05615227669477463,1.656465768814087
0.44983112812042236,0.98046875,0.061736926436424255,0.01927480474114418,1.2525018453598022,0.04000459611415863,1.61783766746521,0.617577850818634,0.953125,0.16886642575263977,0.03350214287638664,1.309370517730713,0.06184224784374237,1.6346020698547363
0.46274492144584656,0.9782986044883728,0.07318240404129028,0.018077867105603218,1.241864562034607,0.04317506030201912,1.6220731735229492,0.6217185258865356,0.9461805820465088,0.16795988380908966,0.03513844311237335,1.2750530242919922,0.06348453462123871,1.6284103393554688
0.4555248022079468,0.9752604365348816,0.07176459580659866,0.016073044389486313,1.2435810565948486,0.042445480823516846,1.6283795833587646,0.618623673915863,0.9409722089767456,0.17944711446762085,0.03281653672456741,1.2721723318099976,0.05717983469367027,1.6532670259475708
0.46961989998817444,0.9752604365348816,0.07372895628213882,0.019875336438417435,1.2396243810653687,0.04561701416969299,1.6120421886444092,0.6060866713523865,0.953125,0.16783802211284637,0.030283786356449127,1.291783094406128,0.06015155091881752,1.6258281469345093
0.4664028584957123,0.9735243320465088,0.07040128856897354,0.020462743937969208,1.2444415092468262,0.045186687260866165,1.6061466932296753,0.610517680644989,0.9496527910232544,0.1808585673570633,0.025304846465587616,1.2780497074127197,0.0614277645945549,1.6844501495361328
0.45832982659339905,0.9743923544883728,0.07351193577051163,0.01944708079099655,1.253353238105774,0.03955459967255592,1.6136082410812378,0.6209121942520142,0.9461805820465088,0.18223950266838074,0.034631919115781784,1.308227777481079,0.05545874312520027,1.6307400465011597
0.4781142473220825,0.9713541865348816,0.0809633657336235,0.02274044044315815,1.2496180534362793,0.04377101734280586,1.604109287261963,0.6371319890022278,0.9427083134651184,0.18331094086170197,0.02806173823773861,1.2721858024597168,0.07456021755933762,1.6478626728057861
0.4533873200416565,0.9748263955116272,0.06929090619087219,0.01806452125310898,1.2412201166152954,0.041557539254426956,1.612998127937317,0.6015231013298035,0.9461805820465088,0.16702140867710114,0.0313645675778389,1.2716814279556274,0.0576002262532711,1.6564918756484985
0.4397220015525818,0.9782986044883728,0.06376001238822937,0.017515435814857483,1.2434180974960327,0.03731481730937958,1.6032334566116333,0.6009974479675293,0.9461805820465088,0.16917784512043,0.03252783790230751,1.2753900289535522,0.0550161749124527,1.640184998512268
0.46070656180381775,0.9791666865348816,0.06718412786722183,0.01979011669754982,1.239272117614746,0.04657457023859024,1.6169710159301758,0.6352330446243286,0.9479166865348816,0.16801513731479645,0.037876371294260025,1.292510747909546,0.07160738855600357,1.6835191249847412
0.4612886607646942,0.9748263955116272,0.06915120780467987,0.02276274561882019,1.2493420839309692,0.041956327855587006,1.6214985847473145,0.6039893627166748,0.9513888955116272,0.1699785739183426,0.029483415186405182,1.2757140398025513,0.06119216978549957,1.6580339670181274
0.45428234338760376,0.9765625,0.0740782618522644,0.019641943275928497,1.2477573156356812,0.038616109639406204,1.6051207780838013,0.6204467415809631,0.9427083134651184,0.16987565159797668,0.03594594821333885,1.2732810974121094,0.06398329138755798,1.6453726291656494
0.44703802466392517,0.9800347089767456,0.06393393874168396,0.01743045635521412,1.239607334136963,0.04386700317263603,1.6173871755599976,0.6181036829948425,0.9461805820465088,0.17422416806221008,0.032375406473875046,1.2627646923065186,0.06477212905883789,1.6237691640853882
0.4680844843387604,0.9704861044883728,0.07674689590930939,0.02158225327730179,1.2360191345214844,0.04419136419892311,1.6052021980285645,0.591874361038208,0.9479166865348816,0.16505302488803864,0.028362533077597618,1.282013177871704,0.05893256887793541,1.6030691862106323
0.4459349811077118,0.9761284589767456,0.06756314635276794,0.017240941524505615,1.2500814199447632,0.04150206595659256,1.5898916721343994,0.6133531928062439,0.9427083134651184,0.1836114525794983,0.02882584184408188,1.2880862951278687,0.06040565297007561,1.6137022972106934
0.4497678577899933,0.9822048544883728,0.061698395758867264,0.01962907239794731,1.249743938446045,0.045086443424224854,1.6079039573669434,0.5890566110610962,0.9548611044883728,0.1636682152748108,0.029752930626273155,1.2599093914031982,0.05666777864098549,1.6411139965057373
0.444845050573349,0.9787326455116272,0.0657227635383606,0.017662832513451576,1.2348415851593018,0.04202429950237274,1.5977637767791748,0.62323397397995,0.9427083134651184,0.18051311373710632,0.03427431359887123,1.2899984121322632,0.06239524111151695,1.625287652015686
0.4474330544471741,0.9778645634651184,0.06155390292406082,0.020775925368070602,1.243299126625061,0.042709704488515854,1.612850546836853,0.6194223165512085,0.9427083134651184,0.1762198805809021,0.03173701465129852,1.2754019498825073,0.06659606844186783,1.6506212949752808
0.45116132497787476,0.9774305820465088,0.0663527101278305,0.021010098978877068,1.2533564567565918,0.04213327169418335,1.6189414262771606,0.6174415946006775,0.9427083134651184,0.18051600456237793,0.03342272341251373,1.3090925216674805,0.0605010986328125,1.6388769149780273
0.45313671231269836,0.9782986044883728,0.06933971494436264,0.018234139308333397,1.2486978769302368,0.04536597430706024,1.602657437324524,0.6014044880867004,0.953125,0.17226961255073547,0.03011203184723854,1.2846834659576416,0.059915345162153244,1.639129877090454
0.4610425531864166,0.9717881679534912,0.07745455950498581,0.020322512835264206,1.2511082887649536,0.04286884516477585,1.6074703931808472,0.6068248152732849,0.9496527910232544,0.1724819540977478,0.030842261388897896,1.32374107837677,0.06285633146762848,1.6569733619689941
0.4521581828594208,0.9761284589767456,0.06976350396871567,0.021509025245904922,1.2605003118515015,0.040831468999385834,1.5982978343963623,0.6065223217010498,0.9444444179534912,0.17926092445850372,0.026975378394126892,1.2671235799789429,0.06363247334957123,1.6158791780471802
0.44690269231796265,0.9735243320465088,0.06921981275081635,0.017793724313378334,1.2479979991912842,0.04293263331055641,1.6024396419525146,0.6105401515960693,0.9461805820465088,0.178400456905365,0.028724554926156998,1.2821763753890991,0.06485991179943085,1.5915459394454956
0.4347710609436035,0.98046875,0.06408989429473877,0.01774737611413002,1.2513326406478882,0.03876666724681854,1.6039164066314697,0.5897504687309265,0.9444444179534912,0.17115150392055511,0.027713030576705933,1.2735766172409058,0.05763246491551399,1.6451724767684937
0.4512091279029846,0.9756944179534912,0.07051541656255722,0.02028839662671089,1.2599406242370605,0.04238685965538025,1.6192808151245117,0.6237916946411133,0.9444444179534912,0.18783925473690033,0.030878165736794472,1.2849888801574707,0.06515510380268097,1.641754388809204
0.45211970806121826,0.9761284589767456,0.06935039162635803,0.020712317898869514,1.2539292573928833,0.043391916900873184,1.606108546257019,0.5962581038475037,0.9444444179534912,0.17899444699287415,0.026304878294467926,1.289611577987671,0.05917268991470337,1.6251529455184937
0.43937820196151733,0.9743923544883728,0.06937018036842346,0.017617259174585342,1.248924732208252,0.03928752988576889,1.6102231740951538,0.5871108770370483,0.953125,0.16563419997692108,0.02720237523317337,1.2922563552856445,0.06101837381720543,1.6362606287002563
0.44305527210235596,0.9761284589767456,0.06680598855018616,0.01957697793841362,1.2557777166366577,0.041013315320014954,1.6134055852890015,0.6003460884094238,0.9444444179534912,0.1691766381263733,0.02974114567041397,1.2934633493423462,0.06434179842472076,1.623937964439392
0.43488118052482605,0.9800347089767456,0.06044115126132965,0.017480134963989258,1.2417935132980347,0.043112944811582565,1.6193920373916626,0.6112132668495178,0.9479166865348816,0.16875191032886505,0.030666278675198555,1.3080909252166748,0.07116048783063889,1.6321837902069092
0.41846582293510437,0.9809027910232544,0.06060135364532471,0.014655951410531998,1.2377560138702393,0.03633591905236244,1.6053147315979004,0.5796892046928406,0.9479166865348816,0.16194573044776917,0.02641439624130726,1.2612520456314087,0.060842230916023254,1.626719355583191
0.4374082684516907,0.9782986044883728,0.064903624355793,0.01870538666844368,1.2470380067825317,0.04106871783733368,1.6176217794418335,0.5926055908203125,0.9496527910232544,0.17168596386909485,0.02816532365977764,1.2756068706512451,0.06112275645136833,1.659191608428955
0.439416766166687,0.9748263955116272,0.07785500586032867,0.016887333244085312,1.2559099197387695,0.0367305725812912,1.6005924940109253,0.5886557698249817,0.9392361044883728,0.1768953502178192,0.028969688341021538,1.2993335723876953,0.05431247875094414,1.62703275680542
0.44589439034461975,0.9730902910232544,0.07888941466808319,0.02030079811811447,1.2590433359146118,0.03616687282919884,1.5967825651168823,0.5932324528694153,0.9461805820465088,0.17792826890945435,0.02737351693212986,1.2876386642456055,0.05920853093266487,1.6289342641830444
0.4364255368709564,0.9748263955116272,0.07365254312753677,0.014794315211474895,1.247868299484253,0.04104771092534065,1.6091647148132324,0.5949592590332031,0.953125,0.17468975484371185,0.02765335887670517,1.3017843961715698,0.06236360967159271,1.6498713493347168
0.42542314529418945,0.9778645634651184,0.06614791601896286,0.016206741333007812,1.2395439147949219,0.03709325194358826,1.6189316511154175,0.5612531304359436,0.9479166865348816,0.15482228994369507,0.0296119786798954,1.274557113647461,0.05081082135438919,1.6326581239700317
0.43937814235687256,0.9809027910232544,0.062127478420734406,0.023862214758992195,1.2536252737045288,0.03898569941520691,1.6180146932601929,0.5830578804016113,0.9479166865348816,0.1684742271900177,0.026367932558059692,1.2627243995666504,0.06065966188907623,1.665016531944275
0.422115683555603,0.98046875,0.06100985035300255,0.01437141839414835,1.2460981607437134,0.04116816073656082,1.624037265777588,0.5927832126617432,0.9479166865348816,0.1723359078168869,0.02643517218530178,1.2966681718826294,0.06503239274024963,1.6913774013519287
0.4390403628349304,0.9778645634651184,0.061735112220048904,0.02207644097507,1.2472175359725952,0.04217648506164551,1.6220512390136719,0.6050918102264404,0.9479166865348816,0.17045395076274872,0.03200438618659973,1.297263264656067,0.0673900619149208,1.6283389329910278
0.4466951787471771,0.9796006679534912,0.059885017573833466,0.026248378679156303,1.247188925743103,0.043256357312202454,1.6120704412460327,0.5797581672668457,0.9479166865348816,0.17144891619682312,0.027886085212230682,1.2922782897949219,0.05557551607489586,1.6396021842956543
0.42291298508644104,0.9813368320465088,0.05779881030321121,0.01799810118973255,1.2471195459365845,0.040008384734392166,1.614210605621338,0.5945529937744141,0.9427083134651184,0.16602027416229248,0.030859461054205894,1.2908735275268555,0.06530245393514633,1.6156542301177979
0.417064905166626,0.9809027910232544,0.05639415234327316,0.015236198902130127,1.2392618656158447,0.04097884148359299,1.6144357919692993,0.5991743803024292,0.9461805820465088,0.17449095845222473,0.027350228279829025,1.2887358665466309,0.06782706826925278,1.6295702457427979
0.42900988459587097,0.9769965410232544,0.06813054531812668,0.01677805371582508,1.2477682828903198,0.039540037512779236,1.5977078676223755,0.5910618305206299,0.9479166865348816,0.173224538564682,0.030305789783596992,1.2890278100967407,0.05975081026554108,1.6546448469161987
0.4309374988079071,0.9782986044883728,0.06443747133016586,0.02314552664756775,1.2537579536437988,0.035173043608665466,1.60567307472229,0.6074331402778625,0.9427083134651184,0.1771349161863327,0.033019229769706726,1.3033404350280762,0.06467519700527191,1.66360604763031
0.43205153942108154,0.9787326455116272,0.06390631198883057,0.018917463719844818,1.246972918510437,0.04201081767678261,1.6035900115966797,0.6037610173225403,0.9427083134651184,0.18647994101047516,0.027485691010951996,1.300985336303711,0.06349961459636688,1.6081992387771606
0.42902982234954834,0.9730902910232544,0.06813718378543854,0.017268884927034378,1.2430254220962524,0.0396646223962307,1.6110574007034302,0.6024884581565857,0.9427083134651184,0.18327927589416504,0.026898125186562538,1.2848682403564453,0.06591098010540009,1.6378624439239502
0.43641889095306396,0.9765625,0.06973971426486969,0.019750230014324188,1.2420539855957031,0.04049142077565193,1.607325553894043,0.5851325988769531,0.9461805820465088,0.1790200173854828,0.02483237534761429,1.2794957160949707,0.060229793190956116,1.6887418031692505
0.44526469707489014,0.9761284589767456,0.06509192287921906,0.026181239634752274,1.2613390684127808,0.04107999801635742,1.6154999732971191,0.5921722650527954,0.9496527910232544,0.16749513149261475,0.035842910408973694,1.3017184734344482,0.058043140918016434,1.6405872106552124
0.4364314377307892,0.9774305820465088,0.07427846640348434,0.018667960539460182,1.2495322227478027,0.03943007439374924,1.6073822975158691,0.5817815065383911,0.9496527910232544,0.1678062528371811,0.028106726706027985,1.2779500484466553,0.061742160469293594,1.6301718950271606
0.42886868119239807,0.9782986044883728,0.06541819125413895,0.019633140414953232,1.245392918586731,0.039522286504507065,1.609616756439209,0.5754883885383606,0.9496527910232544,0.16139616072177887,0.0255513284355402,1.315169334411621,0.06563977152109146,1.6369578838348389
0.42007309198379517,0.9782986044883728,0.06505400687456131,0.01811320334672928,1.252135992050171,0.03637191280722618,1.6057865619659424,0.5734848976135254,0.9513888955116272,0.16547270119190216,0.02721872180700302,1.2783424854278564,0.05983098968863487,1.6330561637878418
0.4217787981033325,0.9791666865348816,0.06066283956170082,0.018641024827957153,1.2508842945098877,0.04008554667234421,1.622443675994873,0.568731427192688,0.9479166865348816,0.16020505130290985,0.023038731887936592,1.279684066772461,0.06588947772979736,1.65248441696167
0.4177771806716919,0.9778645634651184,0.06145919859409332,0.018953479826450348,1.2496867179870605,0.03670921176671982,1.6184179782867432,0.5726175308227539,0.9427083134651184,0.17292088270187378,0.022974636405706406,1.2800469398498535,0.06053725257515907,1.6356158256530762
0.41567790508270264,0.9756944179534912,0.06678366661071777,0.016886144876480103,1.242988109588623,0.03487502038478851,1.6042039394378662,0.5713289976119995,0.9409722089767456,0.16915418207645416,0.024771489202976227,1.285696029663086,0.05986058712005615,1.6346302032470703
0.4298381805419922,0.9730902910232544,0.06922882050275803,0.019887346774339676,1.2415906190872192,0.038754407316446304,1.6109709739685059,0.5952072739601135,0.9479166865348816,0.17971353232860565,0.02804824337363243,1.2754868268966675,0.06464432924985886,1.6442828178405762
0.42254823446273804,0.9774305820465088,0.06619217991828918,0.02107391506433487,1.2595975399017334,0.03458545356988907,1.6077464818954468,0.5754449963569641,0.9513888955116272,0.17575253546237946,0.025720028206706047,1.3051867485046387,0.05750091373920441,1.6196863651275635
